SET SQL_MODE = "NO_AUTO_VALUE_ON_ZERO";
SET AUTOCOMMIT = 0;
START TRANSACTION;
SET time_zone = "+00:00";

DELETE FROM `function_module`;
DELETE FROM `module_role`;
DELETE FROM `user`;
DELETE FROM `role`;
DELETE FROM `module`;
DELETE FROM `function`;


INSERT INTO `function` (`id`, `name`) VALUES
(1, 'beoordelingselement_get'),
(2, 'beoordelingselement_put'),
(3, 'beoordelingselement_delete'),
(4, 'beoordelingselement_getlist'),
(5, 'beroepstaak_get'),
(6, 'beroepstaken_get'),
(7, 'beroepstaaktypes_get'),
(8, 'beroepstaak_find'),
(9, 'cohort_get'),
(10, 'cohort_put'),
(11, 'cohortcursussen_get'),
(12, 'cohortcursus_post'),
(13, 'cohortcursus_delete'),
(14, 'cursus_get'),
(15, 'cursus_put'),
(16, 'cursus_delete'),
(17, 'cursusleerdoelen_get'),
(18, 'cursusleerdoel_post'),
(19, 'cursustoetsen_get'),
(20, 'cursustoets_post'),
(21, 'cursusberoepstaken_get'),
(22, 'cursusberoepstaak_post'),
(23, 'cursusberoepstaak_delete'),
(24, 'cursusprofessionals_get'),
(25, 'cursusprofessional_post'),
(26, 'cursusprofessional_delete'),
(27, 'cursuschecks_get'),
(28, 'docent_get'),
(29, 'docent_put'),
(30, 'functions_get'),
(31, 'function_get'),
(32, 'function_post'),
(33, 'function_put'),
(34, 'function_delete'),
(35, 'leerdoel_get'),
(36, 'leerdoel_put'),
(37, 'leerdoel_delete'),
(38, 'leerdoeltoetselementen_get'),
(39, 'leerdoeltoetselement_post'),
(40, 'leerlijn_get'),
(41, 'leerlijn_put'),
(42, 'leerlijn_delete'),
(43, 'leerlijntrefwoorden_get'),
(44, 'leerlijntrefwoorden_post'),
(45, 'leerplanschema_get'),
(46, 'leerplanschemaprofiel_get'),
(47, 'leerdoelencohortberoepstaak_get'),
(48, 'ECTScohortberoepstaak_get'),
(49, 'leerplanschema_check_get'),
(50, 'millerniveaus_get'),
(51, 'millerniveau_get'),
(52, 'modules_get'),
(53, 'module_get'),
(54, 'module_post'),
(55, 'module_put'),
(56, 'module_delete'),
(57, 'modulefunctions_get'),
(58, 'modulefunction_post'),
(59, 'modulefunction_delete'),
(60, 'opleidingsprofiel_get'),
(61, 'opleidingsprofiel_put'),
(62, 'opleidingsprofielcohorten_get'),
(63, 'opleidingsprofielcohort_post'),
(64, 'opleidingsprofielberoepstaken_get'),
(65, 'opleidingsprofielberoepstaken_check'),
(66, 'opleidingsprofielprofessionals_get'),
(67, 'opleidingsprofielleerlijnen_get'),
(68, 'opleidingsprofielberoepstaak_post'),
(69, 'opleidingsprofielberoepstaak_delete'),
(70, 'opleidingsprofielprofessional_post'),
(71, 'opleidingsprofielprofessional_delete'),
(72, 'organisaties_get'),
(73, 'organisatie_get'),
(74, 'organisatie_post'),
(75, 'organisatie_put'),
(76, 'organisatie_delete'),
(77, 'organisatiedocenten_get'),
(78, 'organisatiedocent_post'),
(79, 'organisatiecursussen_get'),
(80, 'organisatiecursus_post'),
(81, 'organisatieopleidingsprofielen_get'),
(82, 'organisatieopleidingsprofiel_post'),
(83, 'organisatieberoepstaken_get'),
(84, 'professionals_get'),
(85, 'professional_get'),
(86, 'professionaltypes_get'),
(87, 'professional_find'),
(88, 'role_get'),
(89, 'role_post'),
(90, 'role_put'),
(91, 'role_delete'),
(92, 'rolemodules_get'),
(93, 'rolemodule_post'),
(94, 'rolemodule_delete'),
(95, 'toetselement_get'),
(96, 'toetselement_put'),
(97, 'toetselement_delete'),
(98, 'toetsmatrijs_get'),
(99, 'toetsvorm_get'),
(100, 'ects_get'),
(101, 'calcprofiel_get'),
(102, 'toets_get'),
(103, 'toets_put'),
(104, 'toets_delete'),
(105, 'toetsbeoordelingselement_post'),
(106, 'toetsbeoordelingselementen_get'),
(107, 'users_get'),
(108, 'user_delete'),
(109, 'user_put'),
(110, 'roles_get'),
(111,'userrole_get');
--
-- Gegevens worden geëxporteerd voor tabel `module`
--

INSERT INTO `module` (`id`, `name`) VALUES
(1, 'beheer_beoordelingselement'),
(2, 'beheer_cursusberoepstaak'),
(3, 'beheer_opleidingsprofielberoepstaak'),
(4, 'beheer_cohort'),
(5, 'beheer_organisatiecursus'),
(6, 'beheer_cursus'),
(7, 'beheer_organisatiedocent'),
(8, 'beheer_docent'),
(9, 'beheer_leerdoel'),
(10, 'beheer_leerlijn'),
(11, 'beheer_autorisatie'),
(12, 'beheer_organisatie-opleidingsprofiel'),
(13, 'beheer_opleidingsprofiel'),
(14, 'beheer_organisatie'),
(15, 'beheer_cursussentoets'),
(16, 'beheer_toets'),
(17, 'read_toets'),
(18, 'beheer_leerdoelentoetselement'),
(19, 'beheer_toetselement'),
(20, 'read_domeinpubliek');


--
-- Gegevens worden geëxporteerd voor tabel `role`
--

INSERT INTO `role` (`id`, `name`) VALUES
(1, 'publiek'),
(2, 'admin'),
(3, 'cursusleider'),
(4, 'cursuscommissie'),
(5, 'curriculumcommissie'),
(6, 'developer');

--
-- Gegevens worden geëxporteerd voor tabel `user`
--

INSERT INTO `user` (`username`, `role_id`) VALUES
('jan.testgebruiker@gmail.com', 6),
('luccah06071@gmail.com', 6),
('redouan.bouzid96@gmail.com', 6);
('test1curcon@gmail.com',6)

--
-- Gegevens worden geëxporteerd voor tabel `function_module`
--

INSERT INTO `function_module` (`module_id`, `function_id`) VALUES
(1, 3),
(1, 105),
(1, 2),
(2, 23),
(3, 69),
(3, 22),
(3, 68),
(4, 13),
(4, 12),
(4, 63),
(4, 10),
(5, 80),
(6, 16),
(6, 26),
(6, 18),
(6, 25),
(6, 15),
(7, 78),
(8, 29),
(9, 36),
(10, 42),
(10, 44),
(10, 41),
(11, 34),
(11, 37),
(11, 56),
(11, 59),
(11, 91),
(11, 94),
(11, 108),
(11, 32),
(11, 54),
(11, 58),
(11, 89),
(11, 93),
(11, 33),
(11, 55),
(11, 90),
(11, 109),
(12, 82),
(13, 71),
(13, 70),
(13, 74),
(13, 61),
(13, 75),
(14, 76),
(15, 20),
(16, 104),
(16, 99),
(16, 103),
(17, 38),
(17, 39),
(18, 97),
(18, 96),
(19, 98),
(19, 19),
(19, 102),
(19, 106),
(19, 95),
(19, 101),
(20, 65),
(20, 8),
(20, 87),
(20, 1),
(20, 5),
(20, 6),
(20, 7),
(20, 9),
(20, 11),
(20, 14),
(20, 17),
(20, 21),
(20, 24),
(20, 27),
(20, 28),
(20, 30),
(20, 31),
(20, 35),
(20, 40),
(20, 43),
(20, 45),
(20, 46),
(20, 47),
(20, 48),
(20, 49),
(20, 50),
(20, 51),
(20, 52),
(20, 57),
(20, 60),
(20, 62),
(20, 64),
(20, 66),
(20, 67),
(20, 72),
(20, 73),
(20, 77),
(20, 79),
(20, 81),
(20, 83),
(20, 84),
(20, 85),
(20, 86),
(20, 88),
(20, 92),
(20, 100),
(20, 107),
(20, 4),
(20, 110),
(20, 53),
(20,111);


--
-- Gegevens worden geëxporteerd voor tabel `module_role`
--

INSERT INTO `module_role` (`role_id`, `module_id`) VALUES
(5, 1),
(3, 2),
(5, 3),
(4, 4),
(5, 5),
(4, 6),
(2, 7),
(2, 8),
(4, 9),
(4, 10),
(2, 11),
(5, 12),
(5, 13),
(2, 14),
(3, 15),
(4, 15),
(4, 16),
(3, 17),
(4, 17),
(5, 17),
(4, 18),
(3, 19),
(1, 20),
(2, 20),
(3, 20),
(4, 20),
(5, 20),
(6, 20),
(6, 1),
(6, 2),
(6, 3),
(6, 4),
(6, 5),
(6, 6),
(6, 7),
(6, 8),
(6, 9),
(6, 10),
(6, 11),
(6, 12),
(6, 13),
(6, 14),
(6, 15),
(6, 16),
(6, 17),
(6, 18),
(6, 19);

COMMIT;
