SET SQL_MODE = "NO_AUTO_VALUE_ON_ZERO";
SET AUTOCOMMIT = 0;
START TRANSACTION;
SET time_zone = "+00:00";

DELETE FROM `function_module`;
DELETE FROM `module_role`;
DELETE FROM `user`;
DELETE FROM `role`;
DELETE FROM `module`;
DELETE FROM `function`;

INSERT INTO `function` (`id`, `name`) VALUES
('1','beoordelingselement_get'),
('2','beoordelingselement_put'),
('3','beoordelingselement_delete'),
('4','beoordelingselement_getlist'),
('5','beroepstaak_get'),
('6','beroepstaken_get'),
('7','beroepstaaktypes_get'),
('8','beroepstaak_find'),
('9','cohort_get'),
('10','cohort_put'),
('11','cohortcursussen_get'),
('12','cohortcursussen_post'),
('13','cohortcohortcursus_delete'),
('14','cursus_get'),
('15','cursus_put'),
('16','cursus_delete'),
('17','cursusleerdoelen_get'),
('18','cursusleerdoel_post'),
('19','cursustoetsen_get'),
('20','cursustoets_post'),
('21','cursusberoepstaken_get'),
('22','cursusberoepstaak_post'),
('23','cursusberoepstaak_delete'),
('24','cursusprofessionals_get'),
('25','cursusprofessional_post'),
('26','cursusprofessional_delete'),
('27','cursuschecks_get'),
('28','docent_get'),
('29','docent_put'),
('30','functions_get'),
('31','functionId'),
('32','function_post'),
('33','function_put'),
('34','function_delete'),
('35','leerdoel_get'),
('36','leerdoel_put'),
('37','leerdoel_delete'),
('38','leerdoeltoetselementen_get'),
('39','leerdoeltoetselement_post'),
('40','leerlijn_get'),
('41','leerlijn_put'),
('42','leerlijn_delete'),
('43','leerlijntrefwoorden_get'),
('44','leerlijntrefwoorden_post'),
('45','leerplanschema_get'),
('46','leerplanschemaprofiel_get'),
('47','leerdoelencohortberoepstaak_get'),
('48','ECTScohort_get'),
('49','leerplanschema_check'),
('50','millerniveaus_get'),
('51','millerniveau_get'),
('52','modules_get'),
('53','module_get'),
('54','module_post'),
('55','module_put'),
('56','module_delete'),
('57','modulefunctions_get'),
('58','modulefunction_post'),
('59','modulefunction_delete'),
('60','opleidingsprofiel_get'),
('61','opleidingsprofiel_put'),
('62','opleidingsprofielcohorten_get'),
('63','opleidingsprofielcohort_post'),
('64','opleidingsprofielberoepstaken_get'),
('65','opleidingsprofielberoepstaken_check'),
('66','opleidingsprofielprofessionals_get'),
('67','opleidingsprofielleerlijnen_get'),
('68','opleidingsprofielberoepstaak_post'),
('69','opleidingsprofielberoepstaak_delete'),
('70','opleidingsprofielprofessional_post'),
('71','opleidingsprofielprofessional_delete'),
('72','organisaties_get'),
('73','organisatie_get'),
('74','organisatie_post'),
('75','organisatie_put'),
('76','organisatie_delete'),
('77','organisatiedocenten_get'),
('78','organisatiedocent_post'),
('79','organisatiecursussen_get'),
('80','organisatiecursus_post'),
('81','organisatieopleidingsprofielen_get'),
('82','organisatieopleidingsprofiel_post'),
('83','organisatieberoepstaken_get'),
('84','professionals_get'),
('85','professional_get'),
('86','professionaltypes_get'),
('87','professional_find'),
('88','roleId'),
('89','role_post'),
('90','role_put'),
('91','role_delete'),
('92','rolemodules'),
('93','rolemodule_post'),
('94','rolemodule_delete'),
('95','toetselement_get'),
('96','toetselement_put'),
('97','toetselement_delete'),
('98','toetsmatrijs_find'),
('99','toetsvorm_get'),
('100','ects_get'),
('101','calcprofiel_get'),
('102','toets_get'),
('103','toets_put'),
('104','toets_delete'),
('105','toetsbeoordelingselement_post'),
('106','toetsbeoordelingselementen_get'),
('107','users_get'),
('108','user_delete'),
('109','user_put');

INSERT INTO `module` (`id`, `name`) VALUES
('1','beheer_beoordelingselement'),
('2','read_beoordelingselementtoetselementen'),
('3','read_beroepstakenberoepstaken'),
('4','read_bloomniveau'),
('5','beheer_cohortcursus'),
('6','read_cohort'),
('7','beheer_cursussenberoepstaak'),
('8','beheer_cursussentoets'),
('10','read_cursussen'),
('11','read_cursustoetsen'),
('12','beheer_cursussen'),
('14','beheer_docentendocent'),
('15','read_docenten'),
('16','beheer_functionfunction'),
('17','read_function'),
('18','beheer_leerdoelentoetselement'),
('19','read_leerdoelenleerdoel'),
('20','beheer_leerdoelenleerdoel'),
('21','read_leerplanschemaleerplanschemas'),
('22','read_millernveau'),
('23','beheer_module'),
('24','read_module'),
('25','read_opleidingsprofielopleidingsprofiel'),
('26','beheer_opleidingsprofielberoepstaak'),
('27','beheer_opleidingsprofiel'),
('28','beheer_organisaties'),
('29','beheer_organisatiecursus'),
('30','beheer_organisatiedocent'),
('31','beheer_organisatie-opleidingsprofiel'),
('32','read_organisaties'),
('33','read_professionalskills'),
('34','read_roles'),
('35','beheer_roles'),
('36','beheer_toetsbeoordelingselement'),
('37','read_toets'),
('38','beheer_toetstoets'),
('39','beheer_toetselementtoetselement'),
('40','read_toetsmatrijstoetsmatrijs'),
('41','read_toetsprogrammatoetsprogrammas'),
('42','beheer_users'),
('43','read_username'),
('44','read_leerlijn'),
('45','beheer_leerlijn'),
('46','read_millernveaus');

INSERT INTO `role` (`id`, `name`) VALUES
('1','publiek'),
('2','admin'),
('3','cursusleider'),
('4','cursuscommissie'),
('5','curriculumcommissie'),
('6','developer');

DELETE FROM `module_role`;

INSERT INTO `module_role` (`role_id`, `module_id`) VALUES
('5','1'),
('3','2'),
('1','3'),
('1','4'),
('4','5'),
('1','6'),
('3','7'),
('4','8'),
('3','12'),
('1','10'),
('4','11'),
('4','12'),
('5','12'),
('2','14'),
('1','15'),
('2','16'),
('1','17'),
('4','18'),
('1','19'),
('4','20'),
('1','21'),
('1','22'),
('2','23'),
('1','24'),
('1','25'),
('5','26'),
('5','27'),
('2','28'),
('5','29'),
('2','30'),
('5','31'),
('1','32'),
('1','33'),
('1','34'),
('2','35'),
('4','36'),
('3','37'),
('4','38'),
('3','39'),
('3','40'),
('3','41'),
('2','42'),
('1','43'),
('1','44'),
('4','45'),
('1','46'),
('6','1'),
('6','2'),
('6','3'),
('6','4'),
('6','5'),
('6','6'),
('6','7'),
('6','8'),
('6','10'),
('6','11'),
('6','14'),
('6','15'),
('6','16'),
('6','17'),
('6','18'),
('6','19'),
('6','20'),
('6','21'),
('6','22'),
('6','23'),
('6','24'),
('6','25'),
('6','26'),
('6','27'),
('6','28'),
('6','29'),
('6','30'),
('6','31'),
('6','32'),
('6','33'),
('6','34'),
('6','35'),
('6','36'),
('6','37'),
('6','38'),
('6','39'),
('6','40'),
('6','41'),
('6','42'),
('6','43'),
('6','44'),
('6','45'),
('6','46'),
('2','3'),
('2','4'),
('2','6'),
('2','10'),
('2','15'),
('2','17'),
('2','19'),
('2','21'),
('2','22'),
('2','24'),
('2','25'),
('2','32'),
('2','33'),
('2','34'),
('2','43'),
('2','44'),
('2','46'),
('3','3'),
('3','4'),
('3','6'),
('3','10'),
('3','15'),
('3','17'),
('3','19'),
('3','21'),
('3','22'),
('3','24'),
('3','25'),
('3','32'),
('3','33'),
('3','34'),
('3','43'),
('3','44'),
('3','46'),
('4','3'),
('4','4'),
('4','6'),
('4','10'),
('4','15'),
('4','17'),
('4','19'),
('4','21'),
('4','22'),
('4','24'),
('4','25'),
('4','32'),
('4','33'),
('4','34'),
('4','43'),
('4','44'),
('4','46'),
('5','3'),
('5','4'),
('5','6'),
('5','10'),
('5','15'),
('5','17'),
('5','19'),
('5','21'),
('5','22'),
('5','24'),
('5','25'),
('5','32'),
('5','33'),
('5','34'),
('5','43'),
('5','44'),
('5','46');

DELETE FROM `user`;

INSERT INTO `user` (`username`, `role_id`) VALUES
('luccah06071@gmail.com', 6),
('jan.testgebruiker@gmail.com',6),
('redouan.bouzid96@gmail.com', 6);

COMMIT;
