SET SQL_MODE = "NO_AUTO_VALUE_ON_ZERO";
SET AUTOCOMMIT = 0;
START TRANSACTION;
SET time_zone = "+00:00";

INSERT INTO `function` (`id`, `name`) VALUES
('1','beoordelingselement_get'),
('2','beoordelingselement_put'),
('3','beoordelingselement_delete'),
('4','beoordelingselement_getlist'),
('5','beroepstaak_get'),
('6','beroepstaken_get'),
('7','beroepstaaktypes_get'),
('8','beroepstaak_find'),
('9','cohort_get'),
('10','cohort_put'),
('11','cohortcursussen_get'),
('12','cohortcursussen_post'),
('13','cohortcohortcursus_delete'),
('14','cursus_get'),
('15','cursus_put'),
('16','cursus_delete'),
('17','cursusleerdoelen_get'),
('18','cursusleerdoel_post'),
('19','cursustoetsen_get'),
('20','cursustoets_post'),
('21','cursusberoepstaken_get'),
('22','cursusberoepstaak_post'),
('23','cursusberoepstaak_delete'),
('24','cursusprofessionals_get'),
('25','cursusprofessional_post'),
('26','cursusprofessional_delete'),
('27','cursuschecks_get'),
('28','docent_get'),
('29','docent_put'),
('30','functions_get'),
('31','functionId'),
('32','function_post'),
('33','function_put'),
('34','function_delete'),
('35','leerdoel_get'),
('36','leerdoel_put'),
('37','leerdoel_delete'),
('38','leerdoeltoetselementen_get'),
('39','leerdoeltoetselement_post'),
('40','leerlijn_get'),
('41','leerlijn_put'),
('42','leerlijn_delete'),
('43','leerlijntrefwoorden_get'),
('44','leerlijntrefwoorden_post'),
('45','leerplanschema_get'),
('46','leerplanschemaprofiel_get'),
('47','leerdoelencohortberoepstaak_get'),
('48','ECTScohort_get'),
('49','leerplanschema_check'),
('50','millerniveaus_get'),
('51','millerniveau_get'),
('52','modules_get'),
('53','module_get'),
('54','module_post'),
('55','module_put'),
('56','module_delete'),
('57','modulefunctions_get'),
('58','modulefunction_post'),
('59','modulefunction_delete'),
('60','opleidingsprofiel_get'),
('61','opleidingsprofiel_put'),
('62','opleidingsprofielcohorten_get'),
('63','opleidingsprofielcohort_post'),
('64','opleidingsprofielberoepstaken_get'),
('65','opleidingsprofielberoepstaken_check'),
('66','opleidingsprofielprofessionals_get'),
('67','opleidingsprofielleerlijnen_get'),
('68','opleidingsprofielberoepstaak_post'),
('69','opleidingsprofielberoepstaak_delete'),
('70','opleidingsprofielprofessional_post'),
('71','opleidingsprofielprofessional_delete'),
('72','organisaties_get'),
('73','organisatie_get'),
('74','organisatie_post'),
('75','organisatie_put'),
('76','organisatie_delete'),
('77','organisatiedocenten_get'),
('78','organisatiedocent_put'),
('79','organisatiecursussen_get'),
('80','organisatiecursus_post'),
('81','organisatieopleidingsprofielen_get'),
('82','organisatieopleidingsprofiel_post'),
('83','organisatieberoepstaken_get'),
('84','professionals_get'),
('85','professional_get'),
('86','professionaltypes_get'),
('87','professional_find'),
('88','roleId'),
('89','role_post'),
('90','role_put'),
('91','role_delete'),
('92','rolemodules'),
('93','rolemodule_post'),
('94','rolemodule_delete'),
('95','toetselement_get'),
('96','toetselement_put'),
('97','toetselement_delete'),
('98','toetsmatrijs_find'),
('99','toetsvorm_get'),
('100','ects_get'),
('101','calcprofiel_get'),
('102','toets_get'),
('103','toets_put'),
('104','toets_delete'),
('105','toetsbeoordelingselement_post'),
('106','toetsbeoordelingselementen_get'),
('107','users_get'),
('108','user_delete'),
('109','user_put');

INSERT INTO `module` (`id`, `name`) VALUES
('1','beheer_beoordelingselement'),
('2','read_beoordelingselementtoetselementen'),
('3','read_beroepstakenberoepstaken'),
('4','read_bloomniveau'),
('5','beheer_cohortcursus'),
('6','read_cohort'),
('7','beheer_cursussenberoepstaak'),
('8','beheer_cursussentoets'),
('9','beheer_cursussen'),
('10','read_cursussen'),
('11','read_cursustoetsen'),
('12','beheer_cursussen'),
('13','beheer_cursussencursus'),
('14','beheer_docentendocent'),
('15','read_docenten'),
('16','beheer_functionfunction'),
('17','read_function'),
('18','beheer_leerdoelentoetselement'),
('19','read_leerdoelenleerdoel'),
('20','beheer_leerdoelenleerdoel'),
('21','read_leerplanschemaleerplanschemas'),
('22','read_millernveau'),
('23','beheer_module'),
('24','read_module'),
('25','read_opleidingsprofielopleidingsprofiel'),
('26','beheer_opleidingsprofielberoepstaak'),
('27','beheer_opleidingsprofiel'),
('28','beheer_organisaties'),
('29','beheer_organisatiecursus'),
('30','beheer_organisatiedocent'),
('31','beheer_organisatie-opleidingsprofiel'),
('32','read_organisaties'),
('33','read_professionalskills'),
('34','read_roles'),
('35','beheer_roles'),
('36','beheer_toetsbeoordelingselement'),
('37','read_toets'),
('38','beheer_toetstoets'),
('39','beheer_toetselementtoetselement'),
('40','read_toetsmatrijstoetsmatrijs'),
('41','read_toetsprogrammatoetsprogrammas'),
('42','beheer_users'),
('43','read_username'),
('44','read_leerlijn'),
('45','beheer_leerlijn'),
('46','read_millernveaus');

INSERT INTO `role` (`id`, `name`) VALUES
('1','publiek'),
('2','admin'),
('3','cursusleider'),
('4','cursuscommissie'),
('5','curriculumcommissie');

INSERT INTO `function_module` (`module_id`, `function_id`) VALUES
('1','1'),
('2','2'),
('2','3'),
('1','4'),
('3','5'),
('3','6'),
('3','7'),
('3','8'),
('4','9'),
('5','10'),
('4','11'),
('5','12'),
('6','13'),
('10','14'),
('9','15'),
('8','16'),
('10','17'),
('9','18'),
('11','19'),
('8','20'),
('7','21'),
('7','22'),
('7','23'),
('12','24'),
('13','25'),
('13','26'),
('10','27'),
('15','28'),
('14','29'),
('17','30'),
('17','31'),
('16','32'),
('16','33'),
('16','34'),
('19','35'),
('18','36'),
('18','37'),
('19','38'),
('18','39'),
('44','40'),
('45','41'),
('45','42'),
('44','43'),
('45','44'),
('21','45'),
('21','46'),
('21','47'),
('21','48'),
('21','49'),
('22','50'),
('22','51'),
('24','52'),
('24','53'),
('23','54'),
('23','55'),
('23','56'),
('24','57'),
('23','58'),
('24','59'),
('25','60'),
('25','61'),
('25','62'),
('25','63'),
('25','64'),
('25','65'),
('25','66'),
('45','67'),
('26','68'),
('26','69'),
('27','70'),
('27','71'),
('36','72'),
('36','73'),
('28','74'),
('28','75'),
('28','76'),
('32','77'),
('32','78'),
('32','79'),
('32','80'),
('32','81'),
('31','82'),
('32','83'),
('33','84'),
('40','85'),
('33','86'),
('33','87'),
('34','88'),
('35','89'),
('35','90'),
('35','91'),
('34','92'),
('35','93'),
('35','94'),
('39','95'),
('39','96'),
('39','97'),
('40','98'),
('41','99'),
('41','100'),
('41','101'),
('37','102'),
('38','103'),
('38','104'),
('39','105'),
('38','106'),
('43','107'),
('42','108'),
('42','109');

INSERT INTO `module_role` (`role_id`, `module_id`) VALUES
('5','1'),
('3','2'),
('1','3'),
('1','4'),
('4','5'),
('1','6'),
('3','7'),
('4','8'),
('3','9'),
('1','10'),
('4','11'),
('4','12'),
('5','13'),
('2','14'),
('1','15'),
('2','16'),
('1','17'),
('4','18'),
('1','19'),
('4','20'),
('1','21'),
('1','22'),
('2','23'),
('1','24'),
('1','25'),
('5','26'),
('5','27'),
('2','28'),
('5','29'),
('2','30'),
('5','31'),
('1','32'),
('1','33'),
('1','34'),
('2','35'),
('4','36'),
('3','37'),
('4','38'),
('3','39'),
('3','40'),
('3','41'),
('2','42'),
('1','43'),
('1','44'),
('4','45'),
('1','46');

INSERT INTO `user` (`username`, `role_id`) VALUES
('luccah06071@gmail.com', 1),
('jan.testgebruiker@gmail.com',1),
('luccah06072@gmail.com', 1),
('luccah06071@gmail.com', 2),
('jan.testgebruiker@gmail.com',2),
('jan.testgebruiker@gmail.com',3),
('jan.testgebruiker@gmail.com',4),
('jan.testgebruiker@gmail.com',5),
('luccah06072@gmail.com', 2);

COMMIT;
